[
    {
        "id": "67d6138558e90",
        "user1_id": "67d6137c07098",
        "user2_id": "67d61371110e2",
        "created_at": "2025-03-15 23:55:49",
        "user1": {
            "id": "67d6137c07098",
            "username": "ahmed_hashem",
            "name": "hamo",
            "email": "aass@gmail.com",
            "avatar": "https:\/\/api.dicebear.com\/7.x\/avataaars\/svg?seed=ahmed_hashem",
            "bio": "",
            "created_at": "2025-03-15 23:55:40"
        },
        "user2": {
            "id": "67d61371110e2",
            "username": "abdo_ahmed1",
            "name": "abdoo",
            "email": "asmaahmd7x@gmail.com",
            "avatar": "https:\/\/api.dicebear.com\/7.x\/avataaars\/svg?seed=abdo_ahmed1",
            "bio": "",
            "created_at": "2025-03-15 23:55:29"
        }
    },
    {
        "id": "67d619d1554d1",
        "user1_id": "67d619c830412",
        "user2_id": "67d61371110e2",
        "created_at": "2025-03-16 00:22:41",
        "user1": {
            "id": "67d619c830412",
            "username": "ahmed",
            "name": "sss",
            "email": "aasds@gmail.com",
            "avatar": "https:\/\/api.dicebear.com\/7.x\/avataaars\/svg?seed=ahmed",
            "bio": "",
            "created_at": "2025-03-16 00:22:32"
        },
        "user2": {
            "id": "67d61371110e2",
            "username": "abdo_ahmed1",
            "name": "abdoo",
            "email": "asmaahmd7x@gmail.com",
            "avatar": "https:\/\/api.dicebear.com\/7.x\/avataaars\/svg?seed=abdo_ahmed1",
            "bio": "",
            "created_at": "2025-03-15 23:55:29"
        }
    },
    {
        "id": "67d625e6a41e8",
        "user1_id": "67d625cb0870f",
        "user2_id": "67d619c830412",
        "created_at": "2025-03-16 01:14:14",
        "user1": {
            "id": "67d625cb0870f",
            "username": "abdo",
            "name": "abood",
            "email": "asmaahmd2x@gmail.com",
            "avatar": "https:\/\/api.dicebear.com\/7.x\/avataaars\/svg?seed=abdo",
            "bio": "",
            "created_at": "2025-03-16 01:13:47"
        },
        "user2": {
            "id": "67d619c830412",
            "username": "ahmed",
            "name": "sss",
            "email": "aasds@gmail.com",
            "avatar": "https:\/\/api.dicebear.com\/7.x\/avataaars\/svg?seed=ahmed",
            "bio": "",
            "created_at": "2025-03-16 00:22:32"
        }
    },
    {
        "id": "67d62d318a5c2",
        "user1_id": "67d625cb0870f",
        "user2_id": "67d61371110e2",
        "created_at": "2025-03-16 01:45:21",
        "user1": {
            "id": "67d625cb0870f",
            "username": "abdo",
            "name": "abood",
            "email": "asmaahmd2x@gmail.com",
            "avatar": "https:\/\/api.dicebear.com\/7.x\/avataaars\/svg?seed=abdo",
            "bio": "",
            "created_at": "2025-03-16 01:13:47"
        },
        "user2": {
            "id": "67d61371110e2",
            "username": "abdo_ahmed1",
            "name": "abdoo",
            "email": "asmaahmd7x@gmail.com",
            "avatar": "https:\/\/api.dicebear.com\/7.x\/avataaars\/svg?seed=abdo_ahmed1",
            "bio": "",
            "created_at": "2025-03-15 23:55:29"
        }
    },
    {
        "id": "67d62d59a13c0",
        "user1_id": "67d625cb0870f",
        "user2_id": "67d6137c07098",
        "created_at": "2025-03-16 01:46:01",
        "user1": {
            "id": "67d625cb0870f",
            "username": "abdo",
            "name": "abood",
            "email": "asmaahmd2x@gmail.com",
            "avatar": "https:\/\/api.dicebear.com\/7.x\/avataaars\/svg?seed=abdo",
            "bio": "",
            "created_at": "2025-03-16 01:13:47"
        },
        "user2": {
            "id": "67d6137c07098",
            "username": "ahmed_hashem",
            "name": "hamo",
            "email": "aass@gmail.com",
            "avatar": "https:\/\/api.dicebear.com\/7.x\/avataaars\/svg?seed=ahmed_hashem",
            "bio": "",
            "created_at": "2025-03-15 23:55:40"
        }
    }
]