[
    {
        "id": "67d613a535c1a8.87283178",
        "chatId": "67d6138558e90",
        "senderId": "67d61371110e2",
        "content": "عبدو",
        "timestamp": "2025-03-15 23:56:21",
        "read": true
    },
    {
        "id": "67d61999057bb3.41731327",
        "chatId": "67d6138558e90",
        "senderId": "67d61371110e2",
        "content": "hi",
        "timestamp": "2025-03-16 00:21:45",
        "read": false
    },
    {
        "id": "67d619d4b8b8e8.48507511",
        "chatId": "67d619d1554d1",
        "senderId": "67d619c830412",
        "content": "hi",
        "timestamp": "2025-03-16 00:22:44",
        "read": true
    },
    {
        "id": "67d619dc2f6632.02952766",
        "chatId": "67d619d1554d1",
        "senderId": "67d61371110e2",
        "content": "hi",
        "timestamp": "2025-03-16 00:22:52",
        "read": true
    },
    {
        "id": "67d62601754c75.64438295",
        "chatId": "67d625e6a41e8",
        "senderId": "67d625cb0870f",
        "content": "hi",
        "timestamp": "2025-03-16 01:14:41",
        "read": true
    },
    {
        "id": "67d6281f1bfda7.72914309",
        "chatId": "67d625e6a41e8",
        "senderId": "67d625cb0870f",
        "content": "hi",
        "timestamp": "2025-03-16 01:23:43",
        "read": true
    },
    {
        "id": "67d6284688f775.59278289",
        "chatId": "67d625e6a41e8",
        "senderId": "67d619c830412",
        "content": "hi",
        "timestamp": "2025-03-16 01:24:22",
        "read": true
    },
    {
        "id": "67d62b469a0931.41384281",
        "chatId": "67d625e6a41e8",
        "senderId": "67d625cb0870f",
        "content": "طيب",
        "timestamp": "2025-03-16 01:37:10",
        "read": true
    },
    {
        "id": "67d62b49cb4997.76653163",
        "chatId": "67d625e6a41e8",
        "senderId": "67d625cb0870f",
        "content": "سولد",
        "timestamp": "2025-03-16 01:37:13",
        "read": true
    },
    {
        "id": "67d62c751dac25.60117619",
        "chatId": "67d625e6a41e8",
        "senderId": "67d625cb0870f",
        "content": "hi",
        "timestamp": "2025-03-16 01:42:13",
        "read": true
    },
    {
        "id": "67d62d0ecbcf02.86499562",
        "chatId": "67d625e6a41e8",
        "senderId": "67d625cb0870f",
        "content": "كيفك",
        "timestamp": "2025-03-16 01:44:46",
        "read": true
    },
    {
        "id": "67d62d39c0f471.39712750",
        "chatId": "67d62d318a5c2",
        "senderId": "67d625cb0870f",
        "content": "hi",
        "timestamp": "2025-03-16 01:45:29",
        "read": false
    },
    {
        "id": "67d62d7cb44cd3.18301320",
        "chatId": "67d625e6a41e8",
        "senderId": "67d619c830412",
        "content": "اسكت",
        "timestamp": "2025-03-16 01:46:36",
        "read": true
    },
    {
        "id": "67d62e3b2fded9.90415589",
        "chatId": "67d62d59a13c0",
        "senderId": "67d625cb0870f",
        "content": "hu",
        "timestamp": "2025-03-16 01:49:47",
        "read": false
    },
    {
        "id": "67d62f19162175.00929790",
        "chatId": "67d62d59a13c0",
        "senderId": "67d625cb0870f",
        "content": "هاشم بيه",
        "timestamp": "2025-03-16 01:53:29",
        "read": false
    }
]