[
    {
        "id": "67d61371110e2",
        "username": "abdo_ahmed1",
        "name": "abdoo",
        "email": "asmaahmd7x@gmail.com",
        "password": "$2y$10$pW6Wct5rrbo7ar7P7fWne..O3HtcgGyctQaCV60sn4amP5r.Chlai",
        "avatar": "https:\/\/api.dicebear.com\/7.x\/avataaars\/svg?seed=abdo_ahmed1",
        "bio": "",
        "created_at": "2025-03-15 23:55:29"
    },
    {
        "id": "67d6137c07098",
        "username": "ahmed_hashem",
        "name": "hamo",
        "email": "aass@gmail.com",
        "password": "$2y$10$250sKX4sQ89DEPPTwQc3q..CFKIDv1bmCj6Ihg.2QH871PeprS1By",
        "avatar": "https:\/\/api.dicebear.com\/7.x\/avataaars\/svg?seed=ahmed_hashem",
        "bio": "",
        "created_at": "2025-03-15 23:55:40"
    },
    {
        "id": "67d619c830412",
        "username": "ahmed",
        "name": "sss",
        "email": "aasds@gmail.com",
        "password": "$2y$10$O9PDkoK9ibg4oy5htvsoKurbnQdtbKWih9tzNkYD1EM.GC09kHQ8m",
        "avatar": "https:\/\/api.dicebear.com\/7.x\/avataaars\/svg?seed=ahmed",
        "bio": "",
        "created_at": "2025-03-16 00:22:32"
    },
    {
        "id": "67d625cb0870f",
        "username": "abdo",
        "name": "abood",
        "email": "asmaahmd2x@gmail.com",
        "password": "$2y$10$DdxjF7pFnAsnQuhxTt2jsOfBcRxDhdkga9d1nmt1HafjM9YHgZ4yS",
        "avatar": "https:\/\/api.dicebear.com\/7.x\/avataaars\/svg?seed=abdo",
        "bio": "",
        "created_at": "2025-03-16 01:13:47"
    }
]