[
    {
        "id": "67d6878fc5a45",
        "user1_id": "67d6878976a14",
        "user2_id": "67d687635b82a",
        "created_at": "2025-03-16 08:10:55",
        "user1": {
            "id": "67d6878976a14",
            "username": "ahmed",
            "name": "ahmed",
            "email": "asmaahx@gmail.com",
            "avatar": "https:\/\/api.dicebear.com\/7.x\/avataaars\/svg?seed=ahmed",
            "bio": "",
            "created_at": "2025-03-16 08:10:49"
        },
        "user2": {
            "id": "67d687635b82a",
            "username": "abdo",
            "name": "abdoo",
            "email": "asmaahmd7x@gmail.com",
            "avatar": "https:\/\/api.dicebear.com\/7.x\/avataaars\/svg?seed=abdo",
            "bio": "",
            "created_at": "2025-03-16 08:10:11"
        }
    }
]