[
    {
        "id": "67d68799db77e3.15434595",
        "chatId": "67d6878fc5a45",
        "senderId": "67d6878976a14",
        "content": "عامل اي",
        "timestamp": "2025-03-16 08:11:05",
        "read": true
    },
    {
        "id": "67d687ad02b665.56581177",
        "chatId": "67d6878fc5a45",
        "senderId": "67d687635b82a",
        "content": "كويس",
        "timestamp": "2025-03-16 08:11:25",
        "read": true
    },
    {
        "id": "67d68818146a56.73651005",
        "chatId": "67d6878fc5a45",
        "senderId": "67d687635b82a",
        "content": "طيب\nيا اهو",
        "timestamp": "2025-03-16 08:13:12",
        "read": true
    }
]