[
    {
        "id": "67d687635b82a",
        "username": "abdo",
        "name": "abdoo",
        "email": "asmaahmd7x@gmail.com",
        "password": "$2y$10$hy0Oi3dcLgdo2YDgiJVu0u5cBPT2TcO85Mz\/w03QFgPDJKQG78sn.",
        "avatar": "https:\/\/api.dicebear.com\/7.x\/avataaars\/svg?seed=abdo",
        "bio": "",
        "created_at": "2025-03-16 08:10:11"
    },
    {
        "id": "67d6878976a14",
        "username": "ahmed",
        "name": "ahmed",
        "email": "asmaahx@gmail.com",
        "password": "$2y$10$2xMMrKfhVPVXia5W5ypJLeLl4R8LGaMafhvRLExcP.Bw4sZ2k0DYy",
        "avatar": "https:\/\/api.dicebear.com\/7.x\/avataaars\/svg?seed=ahmed",
        "bio": "",
        "created_at": "2025-03-16 08:10:49"
    }
]